token	DF	postings
1	2	826, 1633
10	2	0, 2
101	1	1
10th	1	1420
11	2	566, 1058
12	1	3
13	2	4, 143
13th	2	624, 1421
17	1	1355
1900	1	5
1914	1	1840
1915	1	1610
1920	1	1658
1922	1	1190
1925	1	1703
1926	1	1561
1927	1	368
1928	1	1807
1929	1	1089
1930	2	990, 1461
1931	3	507, 612, 1406
1932	1	1244
1933	2	519, 833
1934	1	160
1935	2	331, 1605
1936	1	292
1937	2	903, 1322
1939	2	1354, 1810
1940	3	1118, 1659, 1741
1941	2	1539, 1811
1942	3	342, 1770, 1848
1944	2	711, 866
1945	1	470
1946	1	1051
1947	1	1128
1948	3	679, 1066, 1725
1949	1	1233
1950	3	294, 376, 575
1951	2	84, 1148
1952	2	888, 996
1953	1	1107
1954	1	653
1955	1	1366
1956	3	122, 721, 1774
1957	2	1521, 1973
1958	2	511, 1551
1959	2	811, 1674
1960	1	1058
1961	1	1696
1962	2	328, 1655
1963	3	359, 1587, 1723
1964	3	45, 567, 588
1965	1	439
1966	4	184, 668, 773, 836
1967	1	1613
1968	2	1205, 1717
1969	3	500, 1863, 1882
1970	2	76, 1032
1971	2	1278, 1373
1972	1	1710
1973	3	1191, 1314, 1803
1974	3	1328, 1559, 1768
1978	4	400, 704, 924, 1640
1979	4	687, 1363, 1601, 1841
1980	4	152, 624, 649, 1137
1981	2	150, 631
1982	2	1781, 1786
1983	1	1245
1984	3	6, 599, 1615
1985	5	85, 348, 445, 1396, 1972
1986	4	393, 939, 1325, 1669
1987	2	938, 1926
1988	5	81, 372, 1427, 1453, 1794
1989	7	102, 185, 650, 712, 1187, 1616, 1634
1990	4	82, 474, 642, 1179
1991	4	196, 576, 760, 1077
1992	4	78, 1061, 1249, 1476
1993	4	91, 577, 1356, 1546
1994	3	894, 1045, 1342
1995	9	168, 622, 702, 840, 908, 1122, 1178, 1255, 1720
1996	8	1, 295, 793, 948, 1402, 1432, 1598, 1890
1997	9	123, 583, 598, 713, 1079, 1530, 1722, 1846, 1919
1998	6	145, 485, 1323, 1445, 1889, 1953
1999	5	155, 651, 740, 1675, 1833
2	22	12, 112, 153, 418, 477, 506, 670, 799, 827, 877, 921, 1132, 1218, 1254, 1301, 1346, 1614, 1738, 1779, 1871, 1932, 1995
20	2	7, 1547
2000	10	256, 296, 367, 377, 455, 657, 912, 1279, 1700, 1873
2001	12	205, 427, 504, 698, 701, 1043, 1083, 1398, 1542, 1593, 1690, 1838
2002	6	317, 369, 382, 639, 1478, 1507
2003	9	366, 539, 731, 983, 1094, 1108, 1599, 1729, 1902
2004	12	147, 385, 443, 586, 730, 803, 933, 1412, 1555, 1564, 1704, 1796
2005	3	834, 1609, 1928
2006	2	338, 456
21	2	8, 183
25th	1	10
2nd	1	200
3	4	374, 729, 1248, 1347
30	1	4
3000	1	997
4	1	878
4th	1	201
50	1	154
51st	1	1422
54	1	15
55	1	16
571	1	1897
60	1	657
61	1	17
66	1	302
6th	1	1423
7	1	1192
77	1	77
7th	1	1424
8	2	18, 158
80	1	147
8th	1	1429
9	1	566
96	1	1054
a	61	20, 21, 22, 24, 25, 26, 27, 28, 29, 30, 32, 33, 34, 35, 37, 38, 39, 40, 41, 42, 43, 45, 46, 48, 49, 51, 52, 120, 371, 406, 407, 456, 478, 498, 600, 717, 748, 766, 790, 847, 856, 907, 928, 1050, 1068, 1069, 1070, 1073, 1170, 1225, 1226, 1249, 1276, 1372, 1467, 1635, 1834, 1845, 1849, 1948, 1971
abbott	1	53
aboard	1	454
abominable	1	1425
about	5	2, 54, 55, 92, 1820
above	1	56
absence	1	57
abyss	1	1426
according	1	1575
accused	1	1427
across	1	1429
act	1	1310
actress	1	969
actually	1	906
adam	1	431
adams	1	59
adaptation	1	60
addicted	1	62
adele	1	1761
adventure	2	1102, 1710
adventures	7	63, 1428, 1429, 1430, 1431, 1432, 1434
adverse	1	136
advertisement	1	6
advocate	1	471
affairs	1	1435
affliction	1	64
africa	1	1085
african	1	1436
after	5	65, 66, 67, 1516, 1841
afternoon	2	964, 1226
again	3	469, 654, 828
against	1	68
agent	1	69
agreement	1	636
aguirre	1	70
aim	1	71
air	3	72, 73, 404
airheads	1	74
airplane	1	75
airport	2	76, 77
alabama	1	1397
aladdin	2	78, 79
alex	1	756
alexander	1	570
alexandra	1	1038
alfredo	1	289
ali	1	80
alice	4	81, 82, 84, 85
alien	3	87, 88, 89
aliens	1	90
alive	1	91
all	6	92, 94, 96, 97, 126, 1292
allan	1	98
allison	1	705
allows	1	96
almighty	1	299
almost	1	99
alone	2	728, 729
alphaville	1	101
also	1	680
always	2	102, 1547
am	3	103, 747, 748
amadeus	1	104
amarcord	1	105
america	5	72, 106, 401, 761, 1068
american	10	109, 110, 112, 113, 116, 117, 118, 1323, 1437, 1938
americas	1	114
amigos	1	1831
amores	1	115
an	5	116, 117, 118, 119, 120
anarchists	1	121
anastasia	2	122, 123
ance	1	1226
and	75	37, 38, 48, 53, 79, 98, 120, 126, 133, 137, 196, 198, 260, 314, 398, 409, 437, 449, 454, 507, 510, 570, 573, 676, 689, 690, 691, 692, 693, 694, 723, 737, 738, 745, 776, 797, 800, 810, 828, 829, 855, 897, 910, 950, 1004, 1038, 1061, 1073, 1074, 1192, 1205, 1206, 1233, 1264, 1273, 1312, 1320, 1322, 1408, 1431, 1449, 1454, 1542, 1563, 1572, 1604, 1629, 1716, 1720, 1767, 1828, 1834, 1843, 1844, 1992
angel	1	127
angels	6	128, 129, 130, 362, 381, 558
angry	1	1438
angus	1	131
animal	1	132
anna	1	133
anne	1	134
annie	1	765
another	2	475, 1782
anthony	1	136
antoine	1	137
antz	1	139
any	2	140, 641
anything	1	141
anywhere	1	142
apartment	1	1439
apes	2	191, 213
apollo	1	143
apostle	1	1440
apprenticeship	1	1441
april	2	544, 1114
apu	1	1442
aquatic	1	1628
arabian	1	1891
arc	1	1698
are	1	472
aristocats	1	1443
arizona	1	1159
ark	2	1156, 1220
arm	1	1654
armageddon	1	145
army	1	146
around	2	147, 1749
arrow	2	294, 295
arrowsmith	1	148
art	1	1057
arthur	2	150, 831
artificial	1	32
as	1	151
asphalt	1	1444
assurance	1	1510
at	11	16, 40, 41, 170, 278, 334, 546, 863, 1208, 1382, 1958
atlantic	1	152
ator	1	153
attack	1	154
attraction	2	574, 867
audition	1	155
august	2	1773, 1801
austin	1	156
avengers	1	1445
awake	1	1953
awakenings	1	157
away	4	279, 597, 1348, 1946
awful	1	1446
azam	1	1005
azkaban	1	694
b	3	351, 1008, 1224
babe	1	159
babes	1	160
babettes	1	161
baby	4	162, 163, 290, 1834
babysitters	1	499
babysitting	1	63
back	6	164, 165, 166, 398, 497, 800
backdraft	1	167
bad	10	168, 169, 170, 171, 172, 173, 1447, 1448, 1449, 1572
badlands	1	174
baghdad	1	895
baker	1	1538
ball	2	175, 984
ballou	1	341
ballroom	1	1375
balls	1	676
bamba	1	848
bambi	1	176
bamboozled	1	177
bande	1	178
bandini	1	179
bandit	1	1320
bandits	2	180, 1842
banks	1	69
banzai	1	1429
baron	1	1428
barrels	1	897
barry	1	181
basic	1	182
basterds	1	778
bat	1	183
batman	6	184, 185, 186, 187, 188, 189
battle	2	191, 192
be	2	1568, 1848
bear	1	297
bears	3	171, 1447, 1494
beast	5	196, 210, 1275, 1453, 1454
beat	1	193
beautician	1	1454
beautiful	3	195, 884, 1449
beauty	1	196
became	1	1604
becky	1	197
becomes	1	453
bedford	1	1455
bedknobs	1	198
bedroom	1	767
beethoven	1	199
beethovens	2	200, 201
beetlejuice	1	202
before	3	204, 459, 1682
begins	1	186
behind	2	205, 1539
being	1	208
believe	1	992
belleville	1	1789
bells	1	1456
belly	1	210
below	1	583
beneath	3	213, 787, 1941
bengal	1	1635
benjamin	1	1137
benny	1	214
bernadette	1	1757
best	2	1012, 1457
better	4	20, 215, 216, 977
betty	1	1056
between	1	48
beverly	2	217, 218
beyond	2	219, 922
bhai	1	1008
bicycle	1	221
big	16	222, 224, 225, 226, 227, 228, 229, 1013, 1102, 1115, 1458, 1459, 1460, 1461, 1463, 1464
bill	3	230, 826, 827
billy	2	231, 232
bird	1	1395
birds	2	601, 1466
birth	1	1467
bishops	1	1468
bites	1	1168
bitter	1	1469
black	12	170, 234, 235, 236, 237, 420, 953, 960, 961, 1470, 1471, 1472
blackboard	1	238
blacksmith	1	239
blade	2	240, 241
blandings	1	998
blank	1	242
blazing	1	244
blew	1	732
blimp	1	1629
blob	1	1473
blondes	1	637
blood	6	245, 246, 247, 331, 691, 1817
bloodsport	1	248
blow	1	249
blowup	1	250
blue	10	42, 251, 252, 253, 254, 438, 1104, 1474, 1475, 1843
blues	3	256, 854, 977
bob	1	800
bobby	1	1257
body	2	257, 781
bodyguard	1	1476
bogus	1	230
boiled	1	684
boiler	1	258
bombay	1	259
bonnie	1	260
book	3	1212, 1613, 1614
boondock	1	1477
boot	1	440
bored	1	263
bottle	1	264
boulevard	1	1383
bound	2	265, 266
bourgeoisie	1	1524
bourne	2	1478, 1479
box	4	1011, 1089, 1480, 1677
boxing	1	267
boy	6	162, 301, 316, 573, 658, 1857
boys	9	168, 169, 268, 269, 270, 602, 1481, 1538, 1641
braindead	1	272
bram	1	273
branded	1	274
bravo	1	1185
brazil	2	276, 1481
breaker	1	277
breakfast	2	278, 1483
breaking	1	279
brew	1	1370
brian	1	987
bride	5	281, 282, 575, 576, 1713
brides	1	1269
bridge	3	21, 1004, 1484
brief	1	283
brigham	1	284
bright	2	285, 286
bring	2	288, 289
bringing	1	290
britain	1	192
broadway	3	292, 308, 1485
broken	2	294, 295
broomsticks	1	198
bros	1	1385
brother	3	296, 297, 1057
brotherhood	1	298
brothers	3	256, 1269, 1892
brown	3	794, 1151, 1486
bruce	1	299
bubba	1	300
bubble	1	301
buck	1	1900
buckaroo	1	1429
bucks	1	1888
buddy	1	1487
buellers	1	578
buffalo	1	302
buffy	1	303
bug	1	1644
bugs	1	22
bugsy	1	305
builds	1	998
bull	1	306
bulletproof	1	307
bullets	1	308
bullitt	1	309
bulworth	1	311
bunny	1	1486
burbs	1	1488
burger	1	659
burning	1	976
bus	1	312
business	2	1186, 1946
but	3	142, 1046, 1050
butch	1	314
butterfield	1	158
butterflies	1	772
butterfly	1	917
bwana	1	323
by	5	366, 517, 1009, 1048, 1358
bye	1	660
cabin	2	316, 317
cabinet	1	1490
cable	1	1491
cadavra	1	1642
caddyshack	2	318, 319
caged	1	320
caine	1	1492
cake	1	868
calendar	1	321
caligari	1	1490
call	2	323, 1821
called	1	27
came	1	787
camel	1	1764
campobello	1	1382
can	3	344, 704, 1984
candidate	1	1655
candles	1	1311
cannibal	2	324, 325
cannonball	2	326, 1493
cant	1	327
cape	1	328
capricorn	1	330
captain	2	331, 1312
card	1	672
care	2	432, 1494
carla	1	409
carlitos	1	332
carmichael	1	1935
carnal	1	333
carrie	1	1906
carry	1	334
cars	1	335
carter	2	640, 805
casablanca	1	336
case	1	1694
casino	2	337, 338
casshern	1	339
cassidy	1	314
castle	2	688, 698
cat	3	234, 341, 342
catch	3	344, 345, 1849
cats	3	346, 347, 348
catwoman	1	349
cauldron	1	1470
cause	1	1170
caveman	1	350
cecil	1	351
cell	1	1495
cellini	1	1435
cellular	1	352
celtic	1	353
center	1	811
century	1	1887
chain	2	748, 1778
chainsaw	1	1779
chamber	1	689
chameli	1	354
champ	1	1496
change	1	356
channels	1	1404
chaplin	1	357
character	1	358
charade	1	359
chariots	1	360
charley	1	361
charlie	1	1151
charlies	1	362
charm	1	1524
chasing	1	365
cheaper	1	366
check	1	242
cherry	1	367
chicago	3	368, 369, 763
chicken	1	370
chicks	1	1949
child	1	1138
childhood	1	791
children	2	371, 1500
childs	2	372, 374
chill	1	1458
china	2	229, 1497
chocolate	1	1961
christ	1	1699
christmas	2	24, 1682
chronicles	1	1498
cid	1	537
cinderella	2	25, 376
circuit	1	1297
circus	2	377, 1499
citizen	1	378
city	7	98, 152, 379, 380, 381, 382, 1500
claudet	1	1752
claudine	1	384
claus	1	1235
clause	2	1737, 1738
clean	1	385
clementine	1	1015
clerks	1	386
cliffhanger	1	387
clockwise	1	388
close	1	389
club	1	1483
clyde	1	260
coast	1	1671
cobb	1	392
cobra	1	393
cocoon	1	395
cody	1	69
cold	2	396, 756
colette	1	137
collateral	1	397
colonel	1	1629
color	1	1501
come	5	398, 399, 715, 861, 1940
comes	1	716
coming	2	400, 401
commandments	1	1774
commando	2	402, 1376
commissar	1	403
company	1	1065
con	1	404
conan	1	405
condor	1	1832
confessions	2	406, 407
confidential	1	847
configuration	1	1683
confused	1	449
congo	1	408
connection	1	1556
connie	1	409
conqueror	2	1103, 1502
conquers	1	1235
conspiracy	1	410
contact	1	411
convenience	1	334
conversation	1	1504
cool	2	412, 413
cooler	1	1505
cop	4	217, 218, 414, 830
coquette	1	415
corner	1	1749
coronets	1	829
correspondent	1	605
corruptor	1	1506
costello	1	53
could	1	1945
count	2	1507, 1984
countdown	1	1544
country	2	1181, 1459
county	1	1081
courage	1	416
court	1	1508
cousin	1	417
cousine	1	417
cowboy	1	518
crackers	1	132
cradle	2	418, 419
cravens	1	1936
crazy	2	675, 1568
creature	1	420
creatures	1	1604
creepshow	1	421
creole	1	832
crimson	2	1509, 1510
cristo	1	1507
crossfire	1	424
crossing	2	425, 970
crow	1	1511
crowd	1	1512
cruel	1	426
crusade	1	776
crush	2	251, 427
cry	1	268
crystal	1	1515
cube	1	428
cuckoo	1	1759
curie	1	923
cut	1	1135
cuts	1	1298
cutthroat	1	429
cyclo	1	430
d	1	431
daddy	1	432
daisy	1	515
daleks	1	510
dalmatians	2	1, 1074
dam	1	980
dame	1	1598
dames	1	433
dance	1	347
dancer	1	434
dances	1	435
dancing	1	481
dangerfield	1	1210
dangerous	1	406
dangerously	1	1815
darby	1	437
dark	4	45, 434, 438, 1515
darkness	3	146, 1136, 1563
darko	1	495
darling	2	439, 1015
darlings	1	891
das	2	440, 441
daughter	2	586, 1222
dawn	6	442, 443, 459, 625, 1171, 1998
day	14	30, 170, 432, 444, 445, 475, 578, 674, 775, 856, 1075, 1423, 1516, 1517
daylight	1	446
daylights	1	1636
days	7	16, 134, 147, 447, 448, 1270, 1832
dazed	1	449
de	1	450
dead	16	216, 442, 443, 445, 451, 452, 499, 516, 559, 859, 898, 1290, 1390, 1518, 1536, 1720
deadly	1	839
deal	1	224
dean	1	398
death	12	38, 298, 453, 454, 455, 456, 534, 840, 910, 941, 1009, 1629
deathtrap	1	457
deceit	1	454
decision	1	459
deeds	2	999, 1000
deep	2	460, 1216
deeply	1	1884
deer	1	1519
defence	1	1646
defiant	1	1520
delancey	1	425
delicatessen	1	462
delilah	1	1233
delinquents	1	1521
deliverance	1	463
demented	1	351
demolition	1	464
der	1	465
des	1	939
desert	1	1331
desire	1	1966
desk	1	466
destination	2	467, 468
destiny	2	454, 1001
destroyer	1	405
destry	1	469
detective	1	1579
detour	1	470
devil	1	1182
devils	1	471
diaboliques	1	875
diamonds	1	472
diaries	2	1672, 1714
dick	1	474
dictator	1	1577
did	2	750, 754
die	7	475, 476, 477, 478, 680, 1204, 1709
dies	1	1858
dilwale	1	479
dime	1	398
dimension	1	1429
dinosaur	1	480
dirty	6	130, 481, 482, 484, 485, 1523
disaster	1	595
discreet	1	1524
disguise	1	1662
disney	1	78
disturbance	1	494
divine	1	486
divorce	1	487
divorcee	2	1525, 1560
do	3	488, 1419, 1944
doctor	2	489, 490
does	1	992
dog	1	1920
dogma	1	493
dogs	4	94, 346, 1177, 1373
dolittle	2	489, 506
doll	1	163
dollars	2	28, 600
domestic	1	494
done	1	1291
donnie	1	495
donovans	1	496
dont	7	268, 347, 451, 497, 498, 499, 1823
doo	1	1252
door	2	1353, 1564
doppelg	1	500
dorado	1	1732
dororo	1	501
double	3	26, 502, 1526
doubt	1	1276
douce	1	784
down	5	235, 503, 504, 583, 1728
dozen	2	366, 1523
dr	7	506, 507, 508, 509, 510, 1425, 1490
dracula	3	273, 511, 1328
dragon	1	1110
dragonheart	1	512
dragons	2	525, 1549
dragonslayer	1	513
drama	1	407
dream	1	998
dreamers	1	1528
dreams	3	579, 1396, 1940
drive	1	1007
driver	1	1413
driving	1	515
drop	1	516
drowning	1	517
drugstore	1	518
drunks	1	1143
duck	2	519, 520
duct	1	521
duddy	1	1441
duel	1	522
dukes	1	1529
dulhania	1	479
dumbo	1	523
dune	1	524
dungeons	1	525
durham	1	306
dusk	1	625
dwarfs	1	1322
dynamite	1	1026
e	5	71, 527, 851, 1005, 1845
each	1	1851
eagle	2	785, 1673
eagles	1	1808
earth	7	7, 504, 811, 1231, 1517, 1570, 1584
east	1	528
easter	1	529
easy	2	530, 958
eater	1	1719
eating	2	531, 1943
ed	1	532
eden	2	528, 533
edge	1	1530
edtv	1	526
education	2	263, 534
edward	1	535
egg	1	128
egypt	1	1711
eight	2	536, 685
einstein	1	1987
el	2	537, 1732
element	1	1543
elephant	2	539, 1531
elf	1	540
elizabeth	2	541, 1716
elliot	1	231
elmo	1	1430
elmos	1	1352
else	1	141
emile	1	1630
emperor	1	1618
emperors	1	1532
empire	3	542, 543, 1540
enchanted	1	544
encounter	1	283
encounters	1	389
end	1	1904
ending	1	727
enemy	3	205, 546, 1718
english	3	807, 1533, 1893
enigma	1	1534
enough	2	547, 1812
entrapment	1	548
equilibrium	1	549
eraser	1	550
escaflowne	1	551
escape	2	553, 1578
essex	1	1716
eternal	1	554
eternity	1	626
eve	1	92
evil	4	558, 559, 1536, 1869
evolution	1	560
excalibur	1	561
exhale	1	1922
existenz	1	562
exit	1	563
exorcist	1	1537
expendable	1	1824
experiment	2	441, 1705
express	3	454, 967, 1285
extra	1	527
extremely	1	119
eye	1	348
eyed	1	1071
eyes	1	1079
f	1	564
fabulous	1	1538
face	2	565, 1539
faces	1	130
factory	2	1554, 1961
fahrenheit	1	566
fail	1	567
fall	3	873, 1304, 1540
family	3	809, 1403, 1541
famous	1	99
fanboys	1	569
fanny	1	570
far	1	21
fargo	1	571
fast	2	12, 1542
faster	1	572
fat	3	225, 573, 1013
fatal	1	574
father	3	575, 576, 1946
favorite	1	1016
fear	3	328, 1377, 1797
fearless	1	577
feast	2	161, 245
fence	1	1149
ferris	1	578
fever	3	317, 812, 1237
few	1	600
fiction	1	1140
fidelity	1	718
field	1	579
fifth	1	1543
files	1	1813
final	2	591, 1544
finding	2	581, 582
fire	11	175, 360, 416, 583, 584, 690, 770, 933, 1174, 1352, 1374
firm	1	1546
first	4	586, 587, 588, 1547
fischer	1	1257
fish	4	27, 226, 1095, 1214
fisher	1	1548
fisherman	1	1748
fistful	1	28
fitzcarraldo	1	589
five	2	398, 591
flash	1	592
flashdance	1	593
fleece	1	1844
flight	1	1549
flintstones	1	1550
flirting	2	594, 595
floating	1	596
fly	4	597, 1384, 1551, 1553
flyer	1	1153
flying	1	1829
fog	1	738
food	1	1333
fool	1	1045
fools	2	598, 1294
foot	1	154
football	1	1554
footloose	1	599
for	19	126, 191, 266, 444, 534, 600, 601, 602, 856, 915, 941, 1084, 1120, 1151, 1257, 1269, 1906, 1921, 1973
forbidden	2	603, 604
force	2	73, 628
foreign	1	605
forest	1	1702
forever	3	187, 472, 521
forgotten	1	1555
forrest	1	606
fortress	1	1589
fortune	1	1180
foul	1	607
four	1	608
fourteen	1	610
framed	1	1951
frances	1	611
frankenstein	3	53, 281, 612
frantic	1	613
freaks	2	536, 614
freddy	1	616
free	1	617
french	2	619, 1556
frequency	1	620
friday	4	622, 623, 624, 724
friends	2	1012, 1109
frighteners	1	1557
from	10	420, 553, 625, 626, 748, 787, 895, 1418, 1481, 1782
fu	1	1660
fugitive	1	748
full	3	627, 940, 1558
furious	2	12, 1542
future	4	164, 165, 166, 285
g	3	628, 629, 1762
galaxy	2	630, 1592
gallipoli	1	631
gambler	1	1559
game	1	1351
games	1	603
gandhi	1	632
gang	2	748, 1763
gangs	1	633
garcia	1	289
garden	1	634
gate	1	1684
gates	1	546
gay	1	1560
general	1	1561
genius	1	1167
gentleman	1	120
gentlemans	1	636
gentlemen	1	637
georgy	1	638
gerry	1	639
get	1	640
gets	1	151
getting	1	641
ghost	3	642, 1509, 1563
ghostbusters	2	643, 644
giant	2	797, 1608
gigli	1	645
gilbert	1	1943
gilmore	1	683
ginger	1	646
girl	7	638, 724, 803, 1017, 1073, 1564, 1977
girls	3	195, 321, 1893
give	1	1326
given	1	140
gives	1	765
glen	1	647
glenda	1	647
gloria	1	649
glory	4	266, 650, 737, 1098
go	5	94, 651, 688, 879, 1213
goblet	1	690
god	3	70, 371, 382
godfather	2	1566, 1567
godfathers	1	1852
gods	1	1568
godzilla	3	653, 654, 835
goes	2	1000, 1003
going	3	4, 655, 751
gold	4	98, 919, 1569, 1898
golden	2	1654, 1844
goldeneye	1	656
goldmember	1	156
goldmine	1	1911
gone	1	657
good	9	151, 658, 659, 660, 661, 662, 1570, 1571, 1572
goodbye	1	663
goodfellas	1	664
goodnight	1	1638
goofy	2	29, 119
goonies	1	1574
gordons	1	592
gorgeous	1	516
gosford	1	665
gospel	1	1575
got	4	1326, 1944, 1985, 1993
gothika	1	666
grace	1	940
graduate	1	1576
graffiti	1	109
grams	1	8
grand	4	30, 667, 668, 1116
grande	1	849
grape	1	1943
grave	2	418, 1281
grease	2	669, 670
great	7	1577, 1578, 1579, 1580, 1581, 1582, 1583
greatest	1	1584
greed	1	671
greek	2	1013, 1996
green	2	672, 1335
gremlins	1	673
grifters	1	1585
grit	1	1882
groove	1	1532
grouchland	1	1430
groundhog	1	674
guffman	1	1921
guide	1	1592
gump	1	606
gun	2	675, 1860
guns	2	1989, 1990
guy	2	1491, 1771
guys	1	676
gwangi	1	1793
h	1	1761
habit	1	356
haine	1	850
hair	1	677
hal	1	1282
half	1	691
hamburger	1	678
hamlet	1	679
hand	1	412
hangmen	1	680
hannibal	1	681
happen	1	1945
happened	2	788, 789
happiness	1	1606
happy	1	683
harbor	1	1101
hard	6	476, 477, 478, 684, 685, 686
hardcore	1	687
hardest	1	1547
hardly	1	327
harms	1	762
harold	1	688
harry	9	482, 689, 690, 691, 692, 693, 694, 1790, 1947
harts	1	695
harvey	1	697
hat	1	1861
hate	2	2, 48
haunted	3	698, 739, 740
haunting	1	1587
hauser	1	1534
hawaii	1	252
hawk	2	235, 1741
hazzard	1	1529
head	4	289, 699, 700, 769
heart	4	127, 749, 1046, 1958
heartbreakers	1	701
hearts	2	829, 836
heat	2	257, 702
heaven	8	94, 96, 447, 704, 705, 838, 869, 1692
heavy	2	707, 708
heavyweights	1	709
helen	1	1160
helena	1	267
hell	1	1369
hellraiser	1	710
helsing	1	1908
henry	3	711, 712, 1715
her	2	453, 869
hercules	2	713, 714
here	5	142, 626, 715, 716, 788
hero	1	896
heroes	1	823
hes	1	717
hidden	1	1589
high	8	718, 719, 720, 721, 1181, 1195, 1206, 1886
higher	1	722
highway	1	902
hilary	1	723
hill	5	678, 739, 740, 1052, 1625
hills	2	217, 218
him	1	1291
hindenburg	1	1590
hire	1	1591
his	3	724, 998, 1851
history	1	110
hit	1	1460
hitchhikers	1	1592
ho	2	300, 816
hole	2	1471, 1593
holiday	2	726, 1201
hollands	1	1002
hollow	1	1317
holly	1	1487
hollywood	1	727
holocaust	1	324
home	9	400, 597, 728, 729, 730, 861, 1397, 1639, 1935
honey	3	731, 732, 733
honors	1	1968
hood	3	1190, 1191, 1434
hoods	1	1192
hook	1	734
hooper	1	735
hoosiers	1	736
hope	1	737
horizon	1	903
horse	1	1594
horses	1	1823
hospital	1	1595
hot	1	1938
hotel	1	667
hour	3	10, 1072, 1218
hours	1	610
house	8	227, 738, 739, 740, 998, 1187, 1461, 1597
huckabees	1	749
hud	1	744
hudson	1	993
hunchback	1	1598
hundred	2	1073, 1074
hunted	1	1599
hunter	2	1519, 1959
hunters	1	769
hunting	1	662
husbands	1	745
hutch	1	1362
hyde	1	507
hype	1	1582
i	16	2, 32, 564, 629, 732, 733, 747, 748, 749, 750, 751, 752, 754, 755, 1597, 1762
ice	1	756
identity	1	1478
idiots	1	1600
if	2	344, 758
ii	14	165, 169, 218, 319, 326, 559, 644, 961, 962, 1197, 1387, 1553, 1566, 1990
iii	3	166, 814, 1567
ikiru	1	759
illusion	1	849
im	1	751
impact	1	460
impromptu	1	760
in	49	45, 63, 84, 85, 117, 118, 147, 156, 160, 229, 434, 522, 584, 588, 598, 657, 714, 756, 761, 762, 763, 765, 766, 767, 769, 770, 771, 772, 904, 905, 954, 960, 961, 992, 1068, 1069, 1070, 1133, 1270, 1280, 1316, 1430, 1550, 1597, 1601, 1653, 1829, 1880, 1975
inc	1	985
incident	1	1455
incredible	1	1602
incredibles	1	1603
incredibly	1	1604
incubus	1	773
indecent	1	774
indemnity	1	502
independence	1	775
indiana	1	776
indochine	1	777
inferno	1	1785
informer	1	1605
inglourious	1	778
inn	2	726, 1606
innerspace	1	779
innocent	1	1992
insider	1	1607
instinct	1	182
intelligence	1	32
intentions	1	426
interiors	1	780
intervention	1	486
invasion	1	781
iris	1	782
irma	2	783, 784
iron	3	785, 1141, 1608
is	9	884, 907, 958, 1018, 1336, 1547, 1812, 1826, 1906
ishtar	1	786
island	3	429, 910, 1609
it	7	151, 288, 765, 787, 788, 789, 1944
italian	2	487, 1610
italiano	1	932
its	1	790
iv	1	1199
ivans	1	791
iwo	1	1234
jack	3	232, 793, 820
jacket	1	627
jackie	2	723, 794
jacks	1	1071
jacobs	1	795
jafar	1	1730
jaguar	1	71
jailhouse	1	796
jam	1	1337
james	1	797
jane	1	629
jason	1	616
jaws	2	798, 799
jay	1	800
jayenge	1	479
jazz	1	97
jekyll	1	507
jeremiah	1	801
jerry	1	802
jersey	1	803
jester	1	1508
jet	1	851
jima	1	1234
jimmy	1	398
joan	1	1698
joe	3	804, 953, 1762
john	2	805, 806
johnny	2	807, 808
johnson	2	801, 809
jolson	1	1612
jones	2	776, 1854
joon	1	214
jordan	1	716
josey	1	1693
josie	1	810
journey	2	230, 811
juliet	2	1203, 1205
jungle	6	238, 812, 1212, 1444, 1613, 1614
jurassic	2	813, 814
just	1	815
justice	2	126, 1084
kal	1	816
kalifornia	1	817
kameradschaft	1	818
kana	1	819
kanavu	1	973
kane	1	378
kangaroo	1	820
kant	1	1469
karate	1	1615
kaspar	1	1534
kate	1	821
kazaam	1	822
kelly	2	1032, 1763
kellys	1	823
kid	5	314, 345, 587, 732, 1615
kids	1	733
kikujiro	1	825
kill	7	274, 572, 686, 826, 827, 828, 882
killer	1	1616
killing	1	1617
kind	2	389, 829
kindergarten	1	830
king	13	79, 133, 831, 832, 833, 834, 835, 836, 837, 1548, 1632, 1633, 1740
kingdom	2	838, 1420
kings	1	1833
kiplings	1	1212
kiranam	1	1394
kiss	4	619, 839, 840, 1638
kisses	1	1368
knights	2	33, 1891
know	3	750, 751, 754
knowledge	1	333
knows	1	705
kolberg	1	842
kombat	1	991
kong	3	833, 834, 835
kramer	1	843
kravitz	1	1441
kumar	1	688
kurtaran	1	431
kwai	1	1484
l	1	847
la	5	784, 848, 849, 850, 851
labours	1	912
labyrinth	1	852
lacombe	1	853
ladder	1	795
lady	4	854, 855, 856, 881
ladyhawke	1	857
lagaan	1	858
lagoon	1	420
lake	1	533
lamp	1	1474
lampoons	1	1028
lancer	1	1635
land	4	414, 769, 859, 1043
lantern	1	1158
lappartement	1	845
las	2	870, 1917
laser	1	860
lassie	1	861
last	11	54, 750, 754, 776, 863, 1229, 1618, 1620, 1621, 1622, 1624
late	1	864
laugh	1	1620
laura	1	866
lavender	1	1625
lavventura	1	846
law	1	56
laws	2	867, 1601
layer	1	868
le	1	479
league	2	34, 926
learning	1	722
leave	1	869
leaving	1	870
legend	1	872
legends	1	873
legged	1	536
lemora	1	874
lenin	1	660
leopold	1	821
les	1	875
lesser	1	371
lethal	3	876, 877, 878
lets	1	879
letter	2	35, 908
liar	2	225, 880
libeled	1	881
liberty	2	365, 1651
licence	1	882
lie	1	103
lies	2	1261, 1941
life	18	22, 26, 38, 65, 790, 884, 915, 987, 988, 1151, 1526, 1628, 1629, 1630, 1631, 1715, 1827, 1923
lights	2	379, 623
like	1	885
lilo	1	886
limelight	1	888
line	2	48, 770
lines	1	205
linvincibile	1	153
lion	2	1632, 1633
lisa	1	981
list	1	1250
little	8	229, 437, 573, 891, 892, 893, 894, 1634
littles	1	715
live	4	755, 895, 1597, 1822
lives	4	1409, 1457, 1635, 1716
living	4	928, 1604, 1636, 1815
lizzie	1	1637
local	1	896
lock	1	897
lola	1	1215
london	1	117
lonely	2	766, 1046
long	4	898, 910, 1638, 1639
longshot	1	899
look	3	497, 900, 901
lord	1	1640
lost	11	98, 902, 903, 904, 905, 912, 1156, 1500, 1641, 1642, 1643
louis	1	954
louise	1	1818
love	13	48, 62, 906, 907, 908, 909, 910, 911, 1280, 1299, 1644, 1645, 1944
lovely	1	450
loves	2	912, 1948
lucas	1	913
lucia	1	1273
lucien	1	853
luck	1	215
luke	1	412
lumumba	1	914
lunch	1	1024
lust	1	915
luzhin	1	1646
lyndon	1	181
m	2	917, 1008
machines	1	1829
machinist	1	1647
machuca	1	918
mackennas	1	919
mad	3	920, 921, 922
madame	1	923
madelon	1	1752
madly	1	1884
madness	1	771
madonna	1	224
maggie	1	1649
magic	3	924, 1130, 1828
magnificent	2	1650, 1829
magnolia	1	925
magnolias	1	1365
maguire	1	802
mail	1	1993
main	1	1750
major	1	926
making	2	927, 928
mal	1	929
malcolm	1	930
malice	1	57
malone	1	305
mambo	1	932
man	27	37, 67, 464, 573, 717, 892, 933, 934, 1050, 1157, 1175, 1345, 1346, 1347, 1418, 1531, 1541, 1602, 1651, 1653, 1654, 1688, 1721, 1783, 1803, 1811, 1948
manchu	1	1660
manchurian	1	1655
manderlay	1	935
manhattan	1	936
mannequin	1	938
manon	1	939
mans	1	1043
manxman	1	1657
many	1	907
maria	1	940
marienbad	1	863
marietta	1	1031
mario	1	1385
mark	2	1658, 1659
marked	1	941
marnie	1	942
married	1	815
mars	2	592, 943
martians	1	1235
marvins	1	944
mary	3	945, 946, 1820
marys	1	1456
mas	1	237
mask	4	947, 1539, 1660, 1661
massacre	2	1778, 1779
master	1	1662
matilda	1	948
matrix	3	1663, 1664, 1665
matter	1	38
matthew	1	1575
maverick	1	949
max	3	920, 921, 922
may	2	1270, 1940
mazes	1	950
mccabe	1	951
mcguire	1	1637
me	12	289, 323, 344, 839, 909, 954, 1120, 1200, 1299, 1358, 1821, 1984
mean	1	952
meaning	1	988
medallion	1	1666
meet	4	53, 953, 954, 957
meeting	1	958
melody	3	292, 959, 1485
men	9	451, 588, 960, 961, 1021, 1061, 1073, 1829, 1834
menace	1	962
mercies	1	1415
mermaid	1	1634
meshes	1	964
met	1	1947
metal	1	627
meteor	1	965
metropolis	1	966
mexican	1	1667
mexico	1	1069
mice	1	1061
micheles	1	1206
midnight	1	967
mighty	2	39, 1668
mike	1	885
miles	1	7
millennium	2	968, 969
miller	1	951
millers	1	970
million	2	7, 1547
milo	1	1431
mind	2	406, 554
minority	1	972
minsara	1	973
minute	1	1036
mirrormask	1	974
miss	1	515
missing	1	975
mission	2	860, 1669
mississippi	1	976
misty	1	1120
mixed	1	1604
mnemonic	1	808
mo	1	977
mob	1	1625
mobsters	1	978
modern	1	979
modesty	1	1018
mom	1	499
mommas	1	227
mon	1	980
mona	1	981
money	2	1408, 1501
monk	1	307
monkeys	1	3
monsieur	1	982
monster	4	282, 983, 1094, 1746
monsters	3	950, 984, 985
monte	1	1507
monty	3	987, 988, 1558
moon	7	49, 467, 588, 934, 1091, 1773, 1975
moonstruck	1	989
morant	1	277
more	1	600
morning	1	661
morocco	1	990
mortal	1	991
moscow	2	992, 993
mosquito	1	1671
motorcycle	1	1672
moulin	2	995, 996
mountain	2	396, 1673
mouse	1	1579
mouth	1	771
movie	11	29, 119, 1115, 1248, 1305, 1367, 1494, 1637, 1758, 1784, 1806
mr	12	507, 705, 716, 927, 997, 998, 999, 1000, 1001, 1002, 1003, 1004
mrs	2	951, 1004
mughal	1	1005
mulan	1	1006
mulholland	1	1007
mummy	3	1674, 1675, 1676
munchausen	1	1428
munna	1	1008
murder	1	1009
muriels	1	1010
music	2	1011, 1677
musical	1	325
must	3	1204, 1568, 1709
mutiny	1	1492
my	8	655, 1012, 1013, 1015, 1016, 1017, 1018, 1019
mystery	1	1021
mystic	1	1022
n	1	1195
na	1	929
naa	1	816
naked	1	1024
name	1	1018
nanook	1	1025
napoleon	1	1026
nation	2	87, 1467
national	2	1028, 1029
naughty	1	1031
navigators	1	1678
ned	1	1032
needs	1	943
negotiator	1	1679
neighbor	1	1019
nekromantik	1	1033
nemo	1	581
never	1	1858
neverland	1	582
new	7	553, 633, 714, 837, 1036, 1532, 1936
news	2	171, 1447
newsies	1	1037
next	1	1564
nger	1	500
nicholas	1	1038
nicky	1	893
night	9	40, 41, 54, 228, 269, 444, 623, 789, 1237
nightmare	2	1682, 1936
nikita	1	1039
nimh	1	1744
ninotchka	1	1040
ninth	2	1683, 1684
nirvana	1	1041
nixon	1	1042
no	2	1043, 1123
nobodys	1	1045
none	1	1046
noon	2	719, 1287
norma	1	1047
north	2	1025, 1048
northwest	1	1048
nosferatu	1	1049
not	3	992, 1812, 1848
nothing	1	1050
notice	1	1894
notorious	1	1051
notre	1	1598
notting	1	1052
november	1	1398
now	1	1053
number	1	1054
numbers	1	517
nuns	1	1055
nurse	1	1056
nutty	1	1686
nyay	1	431
o	2	1057, 1224
oceans	2	1058, 1059
oclock	1	1886
octopussy	1	1060
of	167	28, 34, 38, 42, 52, 57, 70, 79, 98, 134, 146, 154, 175, 191, 192, 210, 213, 263, 281, 282, 289, 292, 298, 356, 360, 371, 381, 382, 389, 406, 407, 442, 443, 445, 447, 448, 456, 528, 543, 554, 575, 576, 579, 633, 689, 690, 692, 694, 700, 738, 769, 770, 771, 772, 781, 811, 836, 837, 838, 840, 859, 867, 873, 940, 946, 964, 987, 988, 1025, 1061, 1085, 1086, 1098, 1114, 1123, 1136, 1156, 1174, 1180, 1231, 1234, 1249, 1251, 1276, 1277, 1290, 1294, 1312, 1328, 1330, 1331, 1374, 1380, 1390, 1395, 1399, 1424, 1428, 1429, 1430, 1431, 1432, 1434, 1435, 1441, 1456, 1457, 1467, 1469, 1490, 1498, 1500, 1501, 1507, 1524, 1526, 1529, 1534, 1540, 1549, 1598, 1606, 1629, 1630, 1631, 1635, 1640, 1642, 1658, 1659, 1660, 1661, 1662, 1692, 1698, 1699, 1703, 1704, 1711, 1712, 1715, 1716, 1730, 1744, 1748, 1752, 1757, 1761, 1762, 1763, 1764, 1768, 1770, 1773, 1789, 1793, 1797, 1801, 1808, 1810, 1815, 1817, 1832, 1869, 1904, 1928, 1966
off	3	216, 565, 578
office	1	1062
officer	1	120
official	1	1687
ogill	1	437
oharu	1	1631
old	1	763
oliver	2	1065, 1066
omega	1	1688
omen	1	1689
on	21	4, 224, 288, 334, 730, 739, 740, 910, 933, 934, 993, 1055, 1067, 1226, 1372, 1484, 1584, 1750, 1929, 1946, 1984
once	3	1068, 1069, 1070
oncle	1	980
one	13	73, 330, 789, 1071, 1072, 1073, 1074, 1075, 1076, 1464, 1690, 1768, 1805
ones	2	765, 1520
only	1	1077
open	2	1078, 1079
opera	3	40, 1703, 1704
operation	1	1080
opus	1	1002
or	2	647, 1848
orange	1	1081
oranges	1	1843
order	1	692
ordinary	1	1082
orient	1	454
original	1	1083
other	2	1691, 1692
otis	1	1431
our	1	1457
out	5	30, 269, 1084, 1085, 1086
outbreak	1	1087
outlaw	1	1693
over	2	308, 1363
own	2	34, 1851
oz	1	1810
paddle	1	1971
palace	1	1950
pale	1	1088
pan	2	1107, 1108
panchali	1	1097
pancho	1	879
pandoras	1	1089
panic	1	1090
paper	1	1091
parade	3	529, 1463, 1645
paradine	1	1694
paradise	2	1371, 1880
parallax	1	1695
parent	1	1696
parents	1	957
paris	3	52, 118, 1093
park	4	665, 813, 814, 1952
part	5	165, 166, 178, 1566, 1567
party	1	1094
passion	3	1095, 1698, 1699
passport	1	1096
past	1	1086
patch	1	42
pather	1	1097
paths	1	1098
patient	1	1533
patriot	1	1700
patton	1	1099
paulie	1	1100
peach	1	797
pearl	1	1101
pee	1	1102
peking	1	16
pelham	1	1768
pelle	1	1103
people	5	342, 437, 958, 1082, 1221
perdition	1	1188
perfect	2	1075, 1104
periscope	1	503
permanent	1	1510
perros	1	115
peter	2	1107, 1108
peters	1	1109
petes	1	1110
petra	1	1469
petrified	1	1702
petticoat	1	1080
phantom	2	1703, 1704
phibes	1	1425
philadelphia	2	1705, 1706
philosophers	1	693
phoenix	1	692
photo	1	1072
picture	1	1621
pie	1	663
pieces	1	1114
piglets	1	1115
pimlico	1	1096
pinchcliffe	1	1116
pink	1	1133
pinocchio	2	1118, 1432
pirate	1	1472
pit	1	1756
pizza	1	1022
place	2	766, 1336
places	1	1872
plaid	1	451
planet	5	191, 213, 604, 1438, 1876
planner	1	1799
platoon	1	1119
play	4	372, 374, 607, 1120
player	1	1708
pleasantville	1	1121
pocahontas	1	1122
poets	1	452
point	1	1123
poko	1	1125
pollock	1	1124
pom	1	1125
pool	1	1401
pope	1	1709
poppins	1	945
porco	1	1126
pork	1	663
poseidon	1	1710
possessed	1	1128
potter	6	689, 690, 691, 692, 693, 694
powaqqatsi	1	1129
powers	1	156
practical	1	1130
predator	3	89, 1131, 1132
prefer	1	637
president	2	456, 1437
pretty	1	1133
pride	1	353
prime	1	1135
prince	4	691, 1136, 1711, 1712
princess	2	1713, 1714
prisoner	1	694
private	4	1137, 1240, 1715, 1716
prix	2	668, 1116
problem	1	1138
producers	1	1717
professor	1	1686
proof	1	1149
proper	1	911
proposal	1	774
prosecution	1	1973
psycho	1	112
public	1	1718
pulp	1	1140
pumping	1	1141
pumpkin	1	1719
pumpkinhead	1	1142
punch	1	1143
punctured	1	1840
purple	1	1144
pussycat	1	572
pussycats	1	810
python	1	1145
pythons	2	987, 988
q	1	806
quatermain	1	98
queen	3	407, 946, 1436
quest	1	630
quick	1	1720
quiet	1	1721
quiz	1	1147
quo	1	1148
rabbit	3	1149, 1150, 1951
race	4	455, 1151, 1164, 1580
radio	1	1153
rae	1	1047
ragtime	1	1155
raiders	1	1156
raids	1	654
railroad	1	1828
rain	2	1144, 1157
rainmaker	1	1722
raise	1	1158
raising	2	1159, 1160
ran	1	1161
ranch	1	959
range	1	730
rangeela	1	1162
raoul	1	531
rashomon	1	1163
rat	1	1164
raven	1	1723
ravenous	1	1165
ray	1	1166
real	1	1167
reality	1	1168
rear	1	1169
rebel	1	1170
recall	1	1868
records	1	542
red	5	1158, 1171, 1438, 1464, 1725
redemption	1	1747
reds	1	1173
reef	1	496
reign	1	1174
reloaded	1	1664
remember	2	46, 51
replacements	1	1726
repo	1	1175
report	1	972
rescuers	2	1727, 1728
reservoir	1	1177
restoration	1	1178
resurrection	1	88
return	3	1123, 1729, 1730
returns	3	188, 1389, 1676
reunion	1	1206
revenge	2	129, 1179
reversal	1	1180
revolutions	1	1665
rhine	1	1929
rib	1	59
riddick	1	1498
ride	2	1181, 1182
rider	3	530, 1088, 1939
rides	1	469
ridicule	1	1183
right	3	488, 927, 1731
ring	1	1184
rings	1	1640
rio	2	1185, 1418
rique	1	980
risky	1	1186
river	1	1484
rless	1	1991
road	4	1187, 1188, 1732, 1836
rob	1	1189
robbery	1	1581
robin	5	189, 1190, 1191, 1192, 1434
robinson	1	1403
robocop	1	1193
robot	1	752
robots	1	1194
rock	8	170, 419, 796, 1195, 1251, 1550, 1733, 1959
rocket	1	264
rocky	3	1196, 1197, 1199
roger	2	1200, 1951
rogue	1	1735
roll	1	1195
roman	2	1201, 1540
romance	2	1840, 1883
romancing	1	1202
romeo	3	1203, 1204, 1205
romy	1	1206
ronin	1	1207
ronique	1	1526
room	4	258, 944, 1090, 1208
rooms	1	608
ropes	1	68
rose	1	1767
rosso	1	1126
rotten	1	484
rouge	2	995, 996
rounders	1	1209
rover	1	1210
roxbury	1	41
roxy	1	1935
roy	1	1189
royale	1	338
rudy	1	1211
rudyard	1	1212
rugrats	1	1213
rumble	1	1214
run	7	326, 370, 1055, 1215, 1216, 1408, 1493
runaway	1	1217
runner	1	241
running	1	1306
rush	3	598, 1218, 1569
rushmore	1	1219
russian	1	1220
ruthless	1	1221
ryan	1	1240
ryans	1	1222
s	5	564, 1008, 1224, 1225, 1226
s1m0ne	1	1223
saagara	1	1227
sabbath	1	236
sabotage	1	1228
saddles	1	244
safe	1	567
safety	1	1229
saintly	1	43
saints	1	1477
sally	1	1947
salt	1	1231
salvador	1	1232
sam	2	747, 1380
samson	1	1233
samurai	2	1271, 1622
sand	1	738
sands	1	1234
sangamam	1	1227
santa	4	172, 1235, 1737, 1738
saturday	1	1237
save	1	1238
saving	1	1240
savior	1	1241
saw	2	1242, 1778
say	1	498
sayonara	1	1243
scarface	2	1244, 1245
scarlet	1	1246
scary	1	1248
scene	1	239
scent	1	1249
schindlers	1	1250
schmidt	1	55
schneemann	1	465
school	5	720, 1195, 1206, 1251, 1379
science	1	1934
scissorhands	1	535
scooby	1	1252
score	1	1739
scorpion	1	1740
scots	1	946
scoundrels	1	484
scream	2	1253, 1254
screamers	1	1255
sea	3	219, 787, 1741
seabiscuit	1	1256
search	1	1742
searchers	1	1743
searching	1	1257
seattle	1	1316
seconds	1	657
secret	3	1259, 1744, 1862
secrets	2	689, 1261
selena	1	1262
semi	1	1263
sense	2	1264, 1754
sensibility	1	1264
sergeant	1	1266
series	2	1054, 1480
serpico	1	1267
served	1	1985
set	1	466
seven	6	1268, 1269, 1270, 1271, 1322, 1650
seventh	1	1745
sex	2	1273, 1746
sexmission	1	1274
sexy	1	1275
shadow	2	1276, 1277
shaft	2	1278, 1279
shakespeare	1	1280
shallow	2	1281, 1282
shane	1	1284
shanghai	3	1285, 1287, 1288
shark	1	1289
sharp	1	197
shaun	1	1290
shawshank	1	1747
she	1	1291
shes	2	717, 1292
shine	1	1293
ship	1	1294
shock	1	1295
shoes	2	1725, 1748
sholay	1	1296
shoot	1	1823
shop	2	1749, 1750
short	2	1297, 1298
shot	2	45, 1651
show	5	1147, 1299, 1584, 1621, 1791
shrek	2	1301, 1302
shrinking	1	1602
shrooms	1	1303
shrunk	1	733
side	1	1692
siege	1	1901
sign	1	1745
silent	5	800, 1216, 1304, 1305, 1306
silkwood	1	1307
silver	1	1308
simple	1	246
sin	2	1083, 1752
sinbad	1	1424
singer	1	1800
sings	1	854
sirens	1	1309
sister	1	1310
sixteen	1	1311
sixth	2	1606, 1754
skeleton	1	1642
skulls	1	1755
sky	4	253, 584, 1312, 1909
slayer	1	303
sleep	1	1448
sleeper	1	1314
sleepers	1	1315
sleepless	1	1316
sleepy	1	1317
slickers	1	380
smell	1	1399
smile	1	981
smith	1	1003
smokey	1	1320
smoking	1	897
snake	1	1756
snaps	1	646
snatch	1	1321
snatchers	1	781
snow	1	1322
society	3	452, 721, 962
soldier	1	1323
soldiers	1	1933
something	2	1325, 1820
somethings	1	1326
sommersby	1	1327
son	2	1328, 1571
sonatine	1	1329
song	4	46, 1330, 1735, 1757
sons	1	1331
sorcerer	1	1332
soul	1	1333
soup	1	519
sources	1	939
south	1	1330
soylent	1	1335
space	4	904, 1062, 1336, 1337
spaceballs	1	1338
spartacus	1	1339
spartan	1	1340
speed	1	1342
spider	3	1345, 1346, 1347
spinal	1	1826
spirited	1	1348
splash	1	1349
splendored	1	907
spoil	1	1959
spongebob	1	1758
sporting	1	1827
spotless	1	554
spring	1	864
spy	1	1351
squarepants	1	1758
st	4	954, 1352, 1456, 1575
stable	1	399
stage	1	1353
stagecoach	1	1354
stalag	1	1355
stalingrad	1	1356
stand	1	1358
star	1	591
starfighter	1	1624
stargate	1	1359
starman	1	1360
starship	1	1361
starsky	1	1362
starting	1	1363
state	3	634, 700, 1422
steamboy	1	1364
steel	1	1365
stella	1	1366
sterile	1	1759
steve	1	1628
still	2	754, 1517
sting	1	1760
stitch	2	886, 1367
stock	1	897
stokers	1	273
stolen	1	1368
stone	2	693, 1202
stood	1	1517
stop	1	312
stopped	1	1604
story	14	24, 25, 1487, 1612, 1687, 1706, 1761, 1762, 1763, 1764, 1765, 1853, 1870, 1871
straight	2	1369, 1765
strange	2	1370, 1604
strangelove	1	508
stranger	2	911, 1371
strangers	1	1372
straw	1	1373
strawberries	1	1954
streak	2	254, 1308
street	5	193, 224, 1246, 1750, 1926
streets	2	952, 1374
strictly	1	1375
strike	1	800
stuff	1	1731
style	2	487, 1955
suburban	1	1376
success	2	1399, 1959
sucker	1	520
sudden	1	1377
suit	1	1653
sullivans	1	1378
summer	5	750, 754, 1379, 1380, 1938
sun	2	522, 543
sundance	1	314
sunday	1	140
sundowners	1	1766
sunrise	1	1382
sunset	3	66, 204, 1383
sunshine	1	554
super	2	1384, 1385
superman	3	1386, 1387, 1389
supremacy	1	1479
survival	1	1390
suspect	1	1391
suspects	1	1792
suspicion	1	1392
suspiria	1	1393
swati	1	1394
sweet	5	1395, 1396, 1397, 1398, 1399
sweethearts	1	114
swimfan	1	1400
swimming	1	1401
swingers	1	1402
swiss	1	1403
switch	1	43
switching	1	1404
sword	1	1767
syndrome	1	1497
t	6	509, 527, 564, 1225, 1772, 1991
ta	1	1326
tabu	1	1406
tadpole	1	1407
tail	1	116
take	1	1408
taking	2	1409, 1768
tale	2	33, 1289
talk	1	1770
talking	2	900, 901
tall	3	1771, 1772, 1925
tangled	1	1410
tap	1	1826
tape	2	521, 1411
taste	1	173
tate	1	892
taxi	2	1412, 1413
teahouse	1	1773
tears	2	992, 1469
teds	1	230
teen	1	1414
teenage	1	407
tell	1	499
ten	2	1774, 1802
tender	1	1415
tep	1	300
terminal	1	1775
terminator	1	1776
terrestrial	1	527
terror	1	1416
terrorist	1	1777
test	1	1150
testament	1	1417
texas	3	1093, 1778, 1779
than	1	1371
that	7	96, 97, 345, 1292, 1418, 1419, 1945
the	486	40, 41, 45, 49, 56, 66, 67, 68, 70, 79, 98, 133, 134, 147, 154, 164, 165, 166, 191, 196, 210, 213, 219, 282, 289, 303, 314, 325, 366, 389, 398, 399, 405, 418, 420, 434, 437, 442, 443, 445, 454, 488, 499, 509, 510, 522, 527, 543, 546, 554, 575, 576, 584, 588, 601, 602, 624, 689, 690, 691, 692, 693, 694, 715, 730, 732, 733, 767, 769, 770, 771, 772, 776, 781, 787, 797, 804, 810, 811, 854, 855, 859, 873, 911, 934, 957, 964, 988, 993, 1025, 1046, 1055, 1067, 1070, 1086, 1103, 1156, 1158, 1181, 1182, 1192, 1202, 1208, 1212, 1231, 1235, 1238, 1277, 1290, 1302, 1312, 1320, 1322, 1330, 1331, 1336, 1367, 1390, 1408, 1420, 1421, 1422, 1423, 1424, 1425, 1426, 1427, 1428, 1429, 1430, 1431, 1432, 1434, 1435, 1436, 1437, 1438, 1439, 1440, 1441, 1442, 1443, 1444, 1445, 1446, 1447, 1448, 1449, 1453, 1454, 1455, 1456, 1457, 1458, 1459, 1460, 1461, 1463, 1464, 1466, 1467, 1468, 1469, 1470, 1471, 1472, 1473, 1474, 1475, 1476, 1477, 1478, 1479, 1480, 1481, 1483, 1484, 1485, 1486, 1487, 1488, 1490, 1491, 1492, 1493, 1494, 1495, 1496, 1497, 1498, 1499, 1500, 1501, 1502, 1504, 1505, 1506, 1507, 1508, 1509, 1510, 1511, 1512, 1515, 1516, 1517, 1518, 1519, 1520, 1521, 1523, 1524, 1525, 1526, 1528, 1529, 1530, 1531, 1532, 1533, 1534, 1536, 1537, 1538, 1539, 1540, 1541, 1542, 1543, 1544, 1546, 1547, 1548, 1549, 1550, 1551, 1553, 1554, 1555, 1556, 1557, 1558, 1559, 1560, 1561, 1563, 1564, 1566, 1567, 1568, 1569, 1570, 1571, 1572, 1574, 1575, 1576, 1577, 1578, 1579, 1580, 1581, 1582, 1583, 1584, 1585, 1587, 1589, 1590, 1591, 1592, 1593, 1594, 1595, 1597, 1598, 1599, 1600, 1601, 1602, 1603, 1604, 1605, 1606, 1607, 1608, 1609, 1610, 1612, 1613, 1614, 1615, 1616, 1617, 1618, 1620, 1621, 1622, 1624, 1625, 1628, 1629, 1630, 1631, 1632, 1633, 1634, 1635, 1636, 1637, 1638, 1639, 1640, 1641, 1642, 1643, 1644, 1645, 1646, 1647, 1649, 1650, 1651, 1653, 1654, 1655, 1657, 1658, 1659, 1660, 1661, 1662, 1663, 1664, 1665, 1666, 1667, 1668, 1669, 1671, 1672, 1673, 1674, 1675, 1676, 1677, 1678, 1679, 1682, 1683, 1684, 1686, 1687, 1688, 1689, 1690, 1691, 1692, 1693, 1694, 1695, 1696, 1698, 1699, 1700, 1702, 1703, 1704, 1705, 1706, 1708, 1709, 1710, 1711, 1712, 1713, 1714, 1715, 1716, 1717, 1718, 1719, 1720, 1721, 1722, 1723, 1725, 1726, 1727, 1728, 1729, 1730, 1731, 1732, 1733, 1735, 1737, 1738, 1739, 1740, 1741, 1742, 1743, 1744, 1745, 1746, 1747, 1748, 1749, 1750, 1752, 1754, 1755, 1756, 1757, 1758, 1759, 1760, 1761, 1762, 1763, 1764, 1765, 1766, 1767, 1768, 1770, 1771, 1772, 1773, 1774, 1775, 1776, 1777, 1778, 1779, 1781, 1782, 1783, 1784, 1785, 1786, 1787, 1788, 1789, 1790, 1791, 1792, 1793, 1794, 1795, 1796, 1797, 1798, 1799, 1800, 1801, 1802, 1803, 1805, 1806, 1807, 1808, 1809, 1810, 1811, 1812, 1813, 1814, 1815, 1816, 1828, 1832, 1843, 1844, 1904, 1906, 1920, 1928, 1929, 1945, 1961, 1969, 1973, 1975, 1996
theatre	1	1817
their	2	34, 1829
thelma	1	1818
them	1	1819
theory	1	410
there	1	208
theres	1	1820
they	4	1821, 1822, 1823, 1824
thief	1	1849
thieves	2	79, 221
thin	2	48, 67
thing	5	488, 907, 1419, 1781, 1782
things	2	2, 1956
third	3	389, 1302, 1783
thirteen	1	1825
this	2	1826, 1827
thomas	1	1828
thornberrys	1	1806
those	2	765, 1829
thou	1	1057
thousand	1	134
threads	1	1830
three	7	35, 1076, 1768, 1831, 1832, 1833, 1834
thunder	2	448, 1836
thunderbirds	1	1837
thunderdome	1	922
tick	1	1999
ticker	1	1838
tides	1	1712
tiffanys	1	278
tiger	1	1238
tigger	1	1784
till	1	625
tillies	1	1840
time	7	772, 898, 1068, 1069, 1070, 1841, 1842
times	1	979
tintin	2	1843, 1844
titan	1	1845
titanic	1	1846
to	36	7, 35, 46, 49, 51, 62, 94, 164, 165, 166, 274, 398, 399, 401, 504, 592, 626, 686, 688, 755, 811, 869, 882, 1000, 1003, 1096, 1188, 1369, 1575, 1592, 1732, 1848, 1849, 1851, 1922, 1944
tokyo	3	468, 1852, 1853
tom	1	1854
tombstone	1	1855
tomcats	1	1856
tommy	1	1857
tomorrow	5	20, 215, 1312, 1516, 1858
tonight	1	909
too	2	21, 901
top	4	1208, 1860, 1861, 1862
topaz	1	1863
topkapi	1	1864
topsy	1	1865
tora	1	1866
total	1	1868
totoro	1	1019
touch	1	1869
tough	1	1263
towering	1	1785
town	3	270, 1000, 1770
toy	3	1786, 1870, 1871
toyland	1	160
tract	1	1416
tracy	1	474
trading	1	1872
traffic	2	708, 1873
train	3	1217, 1372, 1581
trainspotting	1	1875
tramp	1	855
translation	1	905
transporter	1	1787
trap	1	1696
travels	1	1378
treasure	2	1029, 1876
treatment	1	1295
tremors	1	1877
trespasser	1	1788
triad	1	1288
trilogy	1	1442
trinity	1	1821
trip	2	49, 592
triplets	1	1789
tron	1	1879
troopers	1	1361
trouble	3	229, 1790, 1880
troy	1	1881
true	2	1882, 1883
truly	1	1884
truman	1	1791
truth	1	1446
turvy	1	1865
tv	2	1054, 1480
twelve	2	1059, 1886
twentieth	1	1887
twenty	1	1888
twilight	1	1889
twist	1	1066
twister	1	1890
two	7	897, 1076, 1768, 1891, 1892, 1893, 1894
u	1	1897
ugly	1	1572
uhf	1	1896
ulees	1	1898
unbreakable	1	1899
uncle	1	1900
under	3	416, 1728, 1901
underworld	1	1902
unforgiven	1	1903
until	1	1904
up	3	290, 732, 1604
upon	3	1068, 1069, 1070
usual	1	1792
v	3	711, 712, 1526
vacation	2	809, 1028
vadis	1	1148
vagabond	1	1905
valance	1	1651
valiant	1	1906
valley	1	1793
vampire	2	303, 1277
vampyr	1	1907
van	1	1908
vanilla	1	1909
vanishing	1	1794
varrick	1	361
vegas	3	870, 1550, 1917
veil	1	1475
velvet	1	1911
vengeance	1	478
vep	1	783
verdict	1	1795
verdoux	1	982
versus	1	804
vertigo	1	1912
victor	1	1914
victoria	1	1914
victory	1	286
vietnam	1	661
view	1	1695
viii	1	1715
villa	1	879
village	1	1796
virtuosity	1	1916
viva	3	1550, 1917, 1918
volcano	2	804, 1919
volume	2	826, 827
von	1	1469
voyage	2	1424, 1639
voyager	1	1053
vs	4	89, 616, 835, 843
w	1	1225
wag	1	1920
wages	1	1797
wait	2	327, 704
waiting	2	1921, 1922
waking	1	1923
wales	1	1693
walk	1	51
walker	1	1924
walking	1	1925
wall	1	1926
wanda	1	27
want	2	755, 1942
war	2	695, 1928
wargames	1	1927
warrior	1	1421
was	1	1946
washington	1	1003
watch	1	1929
water	1	1078
waterboy	1	1798
waterfront	1	1067
waterworld	1	1930
way	3	332, 655, 762
waynes	1	1932
we	1	1933
weapon	3	876, 877, 878
wear	1	451
wedding	6	113, 1010, 1012, 1013, 1799, 1800
weeds	1	596
weekend	1	1643
weeks	1	1894
weeping	1	1764
wees	1	1102
weird	1	1934
welcome	1	1935
well	1	1448
were	2	1824, 1933
werewolf	2	117, 118
wes	1	1936
west	2	1070, 1957
wet	2	1226, 1938
whale	1	1939
whales	1	1801
what	5	750, 754, 1940, 1941, 1942
whats	3	1943, 1944, 1945
when	3	1946, 1947, 1948
where	2	751, 1057
which	1	765
whisperer	1	1594
white	7	234, 688, 1322, 1582, 1653, 1949, 1950
who	4	510, 1604, 1651, 1951
whole	1	1802
whos	2	900, 901
wicker	2	1803, 1952
wide	1	1953
wife	1	1468
wild	9	1213, 1325, 1805, 1806, 1954, 1955, 1956, 1957, 1958
will	3	419, 662, 1959
willow	1	1960
willy	2	617, 1961
wimbledon	1	1962
wind	2	39, 1807
window	2	1169, 1259
windtalkers	1	1964
wings	3	1808, 1965, 1966
with	12	130, 435, 478, 595, 879, 911, 1182, 1628, 1654, 1790, 1944, 1968
within	1	1969
without	2	1170, 1971
witness	2	1972, 1973
wives	2	35, 745
wizard	2	1809, 1810
wolf	2	1414, 1811
wolves	1	435
woman	7	37, 52, 154, 717, 1249, 1948, 1975
women	4	509, 894, 943, 1942
wonderful	1	790
wonderland	2	84, 85
wonka	1	1961
wood	1	532
woods	1	1969
word	2	498, 1906
work	2	247, 485
working	1	1977
world	8	147, 413, 438, 1312, 1782, 1812, 1904, 1932
worlds	1	1928
worst	1	1945
wounds	1	563
wrath	1	70
wrong	1	1291
x	3	110, 930, 1813
x2	1	1978
xxx	2	237, 1979
yards	2	1802, 1814
year	3	863, 1016, 1815
yearling	1	1816
years	1	1457
yesterday	1	1077
yodha	1	1981
yojimbo	1	1982
york	6	553, 633, 714, 837, 1036, 1266
you	8	2, 344, 520, 750, 754, 1419, 1984, 1985
young	6	284, 1987, 1989, 1990, 1991, 1992
your	3	334, 1079, 1151
youth	1	1395
youve	1	1993
zapata	1	1918
zero	1	1391
zhivago	1	490
ziegfeld	1	1583
zissou	1	1628
zola	1	1630
zombi	1	1995
zombies	1	1604
zone	1	1518
zorba	1	1996
zorro	3	1658, 1659, 1661
zulu	2	1997, 1998
